date,type,category,amount,note
2026-10-31,expense,购物,163.03,第42条
2026-10-30,expense,房租,95.02,第10条
2026-10-29,expense,交通,86.82,第23条
2026-10-20,expense,餐饮,183.69,第37条
2026-10-20,expense,餐饮,95.12,第32条
2026-10-19,expense,交通,216.76,第44条
2026-10-19,expense,餐饮,262.45,第34条
2026-10-17,expense,餐饮,293.62,第40条
2026-10-16,income,工资,1685.00,
2026-10-14,expense,房租,194.14,第16条
2026-10-11,expense,购物,177.43,第11条
2026-10-11,income,奖金,1503.00,
2026-10-09,expense,交通,279.38,第43条
2026-10-08,expense,房租,125.83,第25条
2026-10-06,expense,餐饮,207.28,第30条
2026-10-05,expense,交通,201.33,第41条
2026-10-05,expense,交通,144.06,第17条
2026-10-04,expense,交通,75.16,第46条
2026-10-02,income,奖金,1759.00,
2026-09-30,expense,购物,57.17,第14条
2026-09-29,expense,餐饮,230.05,第5条
2026-09-26,expense,购物,137.05,第45条
2026-09-25,expense,娱乐,163.44,第29条
2026-09-25,income,奖金,2972.00,
2026-09-23,expense,购物,213.53,第15条
2026-09-22,income,工资,2910.00,
2026-09-21,expense,娱乐,124.73,第22条
2026-09-21,expense,餐饮,76.42,第19条
2026-09-20,expense,房租,186.60,第35条
2026-09-20,expense,购物,129.90,键盘
2026-09-18,expense,房租,73.69,第18条
2026-09-17,expense,娱乐,165.51,第9条
2026-09-16,income,工资,850.00,
2026-09-16,expense,房租,86.20,第24条
2026-09-15,income,工资,1437.00,
2026-09-15,expense,交通,157.76,第26条
2026-09-15,income,工资,2733.00,
2026-09-14,expense,房租,264.15,第21条
2026-09-14,expense,购物,39.64,第7条
2026-09-14,expense,房租,17.70,第3条
2026-09-14,expense,购物,500.00,大采购
2026-09-13,expense,房租,131.66,第4条
2026-09-13,expense,娱乐,88.00,测试
2026-09-12,expense,娱乐,68.00,电影
2026-09-11,expense,购物,291.85,第33条
2026-09-11,expense,娱乐,182.96,第28条
2026-09-11,expense,购物,90.58,第6条
2026-09-11,expense,交通,12.00,地铁
2026-09-11,expense,餐饮,38.50,午饭
2026-09-10,expense,交通,166.42,第36条
2026-09-10,income,工资,8000.00,9月工资
2026-09-08,expense,房租,227.75,第31条
2026-09-06,expense,餐饮,54.32,第27条
2026-09-06,expense,餐饮,120.24,第13条
2026-09-06,expense,餐饮,18.64,第2条
2026-09-05,expense,购物,30.55,第49条
2026-09-03,expense,娱乐,87.64,第20条
